det_entropy_shannon_1_coef,det_entropy_shannon_8_coef,det_entropy_shannon_9_coef,det_entropy_shannon_10_coef,app_entropy_shannon_1_coef,app_entropy_shannon_2_coef,app_entropy_shannon_3_coef,app_entropy_shannon_4_coef,app_entropy_shannon_5_coef,app_entropy_shannon_6_coef,app_entropy_shannon_7_coef,app_entropy_shannon_8_coef,app_entropy_shannon_9_coef,app_entropy_shannon_10_coef,app_LT_entropy_shannon_10_coef
3.274804592001908e-10,3.8468828676806863e-10,4.599769700780065e-10,-1.845076594273489e-08,-0.007681778940437505,-0.009261942088006877,-0.012266096204296294,-0.01777595675530054,-0.028876397101533294,-0.051681325221261606,-0.10218858463602838,-0.20078190957351494,-0.4199769544895602,-0.8767800340530227,-0.0008533928618049598
-4.332952058923159e-05,-0.0007977007135234174,-1.683445519057304e-05,-0.00031225312361329237,-0.009344596368992273,-0.011030261023667415,-0.014244300813725325,-0.019263434719412442,-0.03036313676017483,-0.05377563702581137,-0.1044992742251787,-0.20121705074533586,-0.4203355788470919,-0.8759611490893211,-0.0005852638811377068
5.647579340107412e-10,-4.016323159997704e-07,-1.0789806847656984e-07,-1.9317010977135267e-06,-0.007756410748632355,-0.009331940980240679,-0.012349718086254877,-0.017889431547969244,-0.02905163952951182,-0.05196816854996387,-0.10265075220708199,-0.2013830609771299,-0.4204660056237085,-0.8763269212037554,-0.0004925650450718126
3.2818484909486154e-10,-1.9585173157379214e-07,-1.6470021756123914e-07,-1.8236879366597625e-06,-0.00822028363967848,-0.009804739982758158,-0.01284793008401596,-0.01842179979549246,-0.029628853426507624,-0.05259005004525511,-0.10341231365871427,-0.20207494101639714,-0.4210093141997658,-0.8757333591530692,-0.00024029142581072715
5.082578755411032e-10,-6.179030203777016e-07,-8.491306778996483e-09,-3.875848607372234e-07,-0.008055326200621224,-0.009634238062354444,-0.012665312720293559,-0.018236012862931326,-0.029446293802340588,-0.05244926360401765,-0.10324793765433886,-0.20210072229649326,-0.4210401857739088,-0.8757565769240829,-0.00023556234933618404
1.9931422446501503e-10,-5.848983842763343e-08,-6.621385146687861e-08,-1.5506924993788143e-06,-0.007648122698385186,-0.009222508219520085,-0.012225371874141366,-0.017753606174600225,-0.02888819447589425,-0.051773996482091404,-0.102314695968589,-0.20106120420004325,-0.42020896811301217,-0.8765865990119377,-0.0006677209596391107
2.1927179975437615e-10,-1.9848790866889488e-08,1.6828350603036423e-10,-3.165849137387857e-11,-0.007808548448607095,-0.009388291631122932,-0.012401328694311172,-0.017933835281485226,-0.029069688016787675,-0.05193961825533061,-0.10253981594676127,-0.20120793712207494,-0.4203200282584628,-0.8764483583472641,-0.0005795356759273006
-7.480746547114813e-06,-1.371429603676155e-06,-1.0589499010125124e-06,-2.705111238813948e-05,-0.008040805815973395,-0.009596667060036763,-0.012622439415458774,-0.018114305755111644,-0.02922570005357524,-0.0519753811386031,-0.1026291461841461,-0.2010053499499883,-0.4201556896996685,-0.8765444574563435,-0.0006963655823030508
4.2833394320466864e-10,-7.39120411238318e-07,-5.187520041951373e-07,-1.1821828827285962e-05,-0.007519548486119813,-0.009157278235302805,-0.012156080114477231,-0.017696925594435246,-0.02885741891909745,-0.051794226577143165,-0.10234547300479474,-0.2012455109124633,-0.4203690412153662,-0.8764678809534621,-0.000568148663070504
4.05758179915675e-10,-8.641432390217878e-08,-7.808198417429642e-09,-5.719901781967096e-08,-0.007918798334081283,-0.009499946546669908,-0.01252004099039267,-0.018059173439478715,-0.02921279416322272,-0.052102279133971134,-0.10275892157662196,-0.20142231063648328,-0.4204901534567821,-0.8762711776564789,-0.0004713394935506959
-3.329690566184138e-05,-0.006501737487726772,-0.0004169042718803349,-0.012867573034161387,-0.00695610438936904,-0.008448545739892184,-0.012103590639981298,-0.01796079744527157,-0.030390778403506007,-0.05531943151201443,-0.11026819190736474,-0.2046158388369766,-0.4267412645794033,-0.8712487927245445,-0.000652588819439238
1.9242204715187345e-10,-1.1034045720760457e-07,-1.8641662239871323e-07,-1.4337016273280938e-06,-0.008086617350052854,-0.009672893947879077,-0.012706218313108942,-0.018261550926573486,-0.0294356291864243,-0.05233911336897629,-0.10304711346968176,-0.20162386704928284,-0.4206457797875117,-0.8760845131400161,-0.00038446069988359193
4.749533219379848e-10,-1.028838449098789e-06,-1.4421400714049267e-07,-2.2616573665643908e-06,-0.00765229485375578,-0.00922582121495307,-0.012235939191645,-0.017760438696734653,-0.028886296876922155,-0.051765777764147515,-0.1023783343907721,-0.2010733313997524,-0.4202178143836943,-0.8765723136491269,-0.0006600212820775525
-2.892461706890668e-09,-5.010357802133595e-06,-1.1320086915968808e-06,-3.6310122570648106e-05,-0.007953047486368891,-0.009532264858118335,-0.012569976568473137,-0.018115288563213983,-0.029289848774518932,-0.052198621546796525,-0.1030119458868878,-0.20158791998753567,-0.4206366301376261,-0.8761222785925479,-0.00040578535225968397
5.490757073779157e-10,-1.1846625334558392e-06,-1.7363425939961762e-07,-3.939802254905868e-06,-0.008046998121249503,-0.00963036509878405,-0.012652965350815195,-0.01821475090304056,-0.029396476753968767,-0.05233914145845475,-0.10301165063599207,-0.20174377401067625,-0.4207498472577288,-0.8760150804819303,-0.00034246525217173897
5.893721024469137e-10,-7.697699378277405e-07,-3.555286897159263e-07,-1.1128542622307793e-05,-0.007552440075255281,-0.009126574468344173,-0.01211892318759995,-0.017639181647067924,-0.02876006561753865,-0.051628517950005365,-0.10208428271488887,-0.2008669175833742,-0.4200602180453024,-0.8767469446125373,-0.0008007504321088925
-4.922362152677029e-05,-0.004228895802783605,-0.00035401861743884137,-0.010002690303640522,-0.009070718510989092,-0.01069793491560924,-0.01366741428769115,-0.019343595394709732,-0.030759069645915786,-0.05424212876201927,-0.1051957599816244,-0.20427851339896827,-0.4254364431963437,-0.8726061304256241,-0.0003618776914246862
3.8749712891554e-10,-1.5860319674297779e-07,-1.050703381250982e-07,-2.1527779989338373e-06,-0.007815623726553948,-0.00939108667155547,-0.01240822414479174,-0.017967367087372524,-0.02916115631329115,-0.052134060136851436,-0.1028173879668849,-0.20167579617467105,-0.4207043716280973,-0.8761087734036801,-0.0003696394268435373
8.79975202327774e-10,-3.224351733564463e-05,-3.603052118758142e-06,-0.00012033888469455425,-0.007754451883067941,-0.009333327295272071,-0.012319928183179443,-0.017860670003947133,-0.02901178262298435,-0.051910651270015234,-0.10237001501069078,-0.2013637821279609,-0.4205059405531511,-0.8763507723666871,-0.0005274439889720676
2.9145536433316465e-10,-3.687057061579398e-07,-6.432183983728205e-08,-1.3365060226162462e-06,-0.007738252110399164,-0.009313880816411027,-0.012323135610040309,-0.017862154709034322,-0.029016891218672996,-0.05192752428729755,-0.10254498270573503,-0.20134757020488972,-0.4204397363931573,-0.8763648896103085,-0.0005105049824418388
3.865516831494432e-10,-4.669466373240875e-08,-8.286469226275938e-09,-4.12258421815099e-07,-0.007857254309099452,-0.009436339280850742,-0.012455897407166176,-0.01799853351365111,-0.029161515390260958,-0.05206398793536636,-0.10272175143772973,-0.20138815801950896,-0.4204643089138056,-0.8763031449319505,-0.0004878206904945905
6.483756480425347e-10,-5.939478577108646e-07,-2.462755851621219e-08,-1.1625116724802879e-06,-0.007832908816677706,-0.009413052877577705,-0.012432152328738118,-0.017963792115608897,-0.029105099099413168,-0.05198868663933379,-0.102610949484172,-0.20121681200986055,-0.4203251979996161,-0.8764299086464793,-0.0005739629069218021
2.3102573530617718e-10,-1.9855170788047908e-06,-4.849834113835526e-07,-9.692873025392394e-06,-0.008245082876799145,-0.00983020309171163,-0.01287515541155159,-0.018448234469828663,-0.029651988221448763,-0.052567526463440185,-0.1034330694145428,-0.2020597687677212,-0.4209994300066056,-0.8757382354430432,-0.0002449764695007472
6.195865610111156e-10,-1.3564193467105242e-06,-3.036082410679782e-08,-1.5762941567240895e-06,-0.007632412538126174,-0.009211592500572142,-0.012218728994936008,-0.01773134687581021,-0.028837433430723362,-0.05167629483068287,-0.1022132784021377,-0.2008052770048848,-0.4199980013635123,-0.8767660518279662,-0.0008374477636545228
-2.0732258199754847e-06,-0.0014592173111749704,-3.2256904208635054e-05,-4.286957357873648e-05,-0.006559840733191063,-0.008084811607054841,-0.011099092764271054,-0.016645751828513505,-0.02815357796442625,-0.05214564415744551,-0.10293392298568084,-0.20156791421340176,-0.4206222188125485,-0.8762572886648343,-0.0004351624621378013
2.8339308215395873e-10,-9.329391738121404e-09,-3.6061823784774652e-09,-1.4704252479348138e-07,-0.00785235375041502,-0.00943052721347232,-0.012448730760186408,-0.017996850518232455,-0.029163308568783238,-0.052100460234399744,-0.10275976610748087,-0.20150729344108045,-0.420562962074128,-0.8762220835590838,-0.0004351781697296377
3.2651489622095946e-10,-3.23414380894911e-07,-2.311781966851908e-08,-7.196072776159156e-08,-0.007798500114243496,-0.009373171025078937,-0.012392096020122164,-0.017937703049997998,-0.0291189786675675,-0.05206876581664365,-0.10274623516700583,-0.20150183410483707,-0.4205600552154371,-0.8762327833834588,-0.0004380634581503429
-2.800026506378197e-06,-7.38767550415506e-06,-2.306536754749221e-06,-2.3377338794752452e-05,-0.007526864426411967,-0.009085090407462429,-0.012093968613089229,-0.017683780327000055,-0.02896494732071033,-0.052146522191183216,-0.1028588539249241,-0.2020363194954365,-0.42101919876591976,-0.8758914332795275,-0.00026068459513480294
7.937023734827901e-10,-2.352706956891941e-07,-4.477451070297041e-07,-2.4902092074215958e-06,-0.008275701162031385,-0.009865717513933687,-0.01290795344767581,-0.01846976657690183,-0.029654712900515936,-0.0525749413655994,-0.1033482770422608,-0.2019056486890017,-0.4208679191039197,-0.8758447891425681,-0.00028685092110838505
1.916739984387392e-10,-2.2810430867811731e-07,-4.795412142146847e-08,-1.8517957429872758e-06,-0.007949169680046482,-0.00952831426649073,-0.012550959789151972,-0.01811356107743316,-0.029311399430248138,-0.05228337728209978,-0.10298124842725613,-0.20177318555697665,-0.4207770850479706,-0.876010570961321,-0.00033310510847642044
4.004663689913153e-11,-1.0672596580372283e-07,-6.338221920866977e-08,-4.3556191829787866e-07,-0.008039945553035539,-0.009622599529350104,-0.012655088483454095,-0.018219210431674345,-0.029408218185921563,-0.05234516022721472,-0.10306326325883218,-0.20170438007493985,-0.4207133506734379,-0.8760348407050677,-0.00035502564200665923
3.712388956721677e-10,-5.622943842307265e-07,-7.081944674798415e-07,-1.3555848951638087e-05,-0.007392514480868811,-0.008959728900806456,-0.01194538459192274,-0.017465403143540056,-0.028597363466335023,-0.051482669482830805,-0.1019314391422762,-0.2008114223328249,-0.4200234574096292,-0.8768181899489812,-0.0008464580287337505
4.714789865936787e-10,-3.311946992528678e-05,-2.440801694311694e-06,-1.3697932568085796e-05,-0.007038614058442005,-0.00859438570228143,-0.011576433969705115,-0.017111671276544917,-0.028304930350773926,-0.05135525057655102,-0.10177965463021224,-0.20073323616653155,-0.4199673642844868,-0.8769152366898336,-0.0009137375403116992
1.721114074600215e-10,-6.351900013136938e-07,-9.133243649644378e-07,-1.1986091519829253e-05,-0.007333408905946271,-0.00889774458068239,-0.011881680774785163,-0.01740213278648279,-0.028539327628895127,-0.05144895482872109,-0.101905273439445,-0.20081839109196944,-0.4200305489086205,-0.8768233793260602,-0.0008425292754465107
7.570119582038461e-10,-1.300825223012361e-07,-1.6947884790141575e-07,-3.2889940495139424e-06,-0.008075013297817847,-0.00965809302401295,-0.012690212036554934,-0.01824299417561122,-0.029412626201426026,-0.05232048812867441,-0.10305503986139657,-0.2016517430986916,-0.420670735535876,-0.8760679559813621,-0.0003745495421749976
3.295599852975521e-10,-2.5196865025140253e-08,-1.1855976113871431e-08,-9.683670755762789e-08,-0.007920508824090042,-0.009497013664732715,-0.012522992727952566,-0.018091796852826383,-0.0292964462414966,-0.05228205566499277,-0.10302720916226546,-0.201846765801514,-0.4208371897911379,-0.8759613953193137,-0.00030887310546819514
4.719396546262198e-10,-3.098034738478793e-08,-1.050048513054237e-08,-3.003808533806742e-07,-0.007787595974534134,-0.009364888990483107,-0.012381346834770659,-0.017920182517873053,-0.029082153009917094,-0.051981592350923235,-0.10263013439011287,-0.20133184735509885,-0.4204217974856733,-0.8763587745554363,-0.000516084723984739
4.700768230885937e-10,-3.897600848308474e-06,-2.044034120986988e-06,-5.276998741650162e-05,-0.007529951861862569,-0.009096835661852072,-0.01208862865038988,-0.01764668825523517,-0.02883919053695342,-0.05182356878797791,-0.10234438807526698,-0.20139378540448785,-0.4205109061990214,-0.8763673995312625,-0.0005034996069061479
2.288601149818779e-10,-8.455921032261917e-08,-1.0296188284939986e-07,-2.2625480526879057e-06,-0.0076314985711411045,-0.009205522195149548,-0.012207071549005744,-0.017734940978180617,-0.0288736903002038,-0.05176286248779747,-0.1023054784811086,-0.20107820545698932,-0.42022435658526025,-0.87657845962853,-0.0006582725477070143
2.8385687922510423e-10,-2.131409998697461e-09,3.054712340487163e-10,-6.006569304267507e-09,-0.00768485230698104,-0.009265342321881169,-0.012268056649561885,-0.01777466473171292,-0.028863490582279674,-0.051664096108058034,-0.10216323686984843,-0.20075075676071014,-0.4199516768513974,-0.8768036280989394,-0.0008768997927595982
2.6636122429495615e-10,-4.959947175252949e-07,-4.480208095700021e-09,-2.646476296509723e-07,-0.007717518309314909,-0.009298879514283029,-0.012299890095352792,-0.017808224529833053,-0.028889383343883208,-0.05167482103628057,-0.10216056890419303,-0.2007635758107882,-0.419962042614253,-0.8767928093476463,-0.0008671808504718702
1.7590972941002953e-10,-1.38792284235992e-07,-1.1674778918292364e-08,-5.011937135904997e-07,-0.008125763127572284,-0.00970518726475043,-0.012744049149988976,-0.018337903276677676,-0.029591753078711317,-0.05264497660498404,-0.1034881084268158,-0.20234069301587107,-0.421231005649426,-0.8755597428405394,-0.000180275784869896
-1.292036819152977e-05,-0.0016169295369816926,-0.00016288732798037695,-0.000503633800389224,-0.005037405416806554,-0.006581799754045833,-0.00963611243272985,-0.01503857233027128,-0.02669349370377652,-0.0504552072763673,-0.10188225210501094,-0.20111425132906316,-0.4203941971951429,-0.8768058157467212,-0.0008501411519803955
4.716376938048311e-10,-2.2343633080740075e-07,-2.1944459397130075e-07,-2.743457740089736e-07,-0.00764375298045828,-0.009215613344596538,-0.012225098655085758,-0.017765488244962914,-0.02892654097466175,-0.05186031173150565,-0.10250898961486246,-0.20134306456090395,-0.4204386163185888,-0.8763828303074936,-0.0005138864258842188
4.3510000648051454e-10,-2.2959968680099521e-07,-9.884701071904535e-09,-6.119135676782304e-07,-0.007783914113010919,-0.009363787754256562,-0.012373257052651104,-0.01790088023742836,-0.029031376916300557,-0.0518953921139778,-0.10246335357031992,-0.20114923075414287,-0.4202742896819901,-0.8764981301435172,-0.0006129622025697456
2.499284003228791e-10,-4.949342021197231e-08,-2.4055866528903424e-08,-3.293836489673898e-08,-0.007757732441785312,-0.00933334536674897,-0.01234686017821335,-0.017885837123444045,-0.02904826046708972,-0.05195651256609953,-0.10259896507698343,-0.20135491655686832,-0.4204427633928277,-0.8763514844504889,-0.000505721523555154
-3.403966260114054e-05,-1.0824054194254383e-05,-1.4980109729326959e-05,-0.00023386963392777358,-0.007058864728010953,-0.008573924295612113,-0.0114620053610224,-0.0169179048000351,-0.02797787778051622,-0.051047398043049724,-0.10137711064951026,-0.2009735237320365,-0.4202670960613927,-0.8767980054005695,-0.0008132609556332817
3.164041810305072e-10,-1.0895920794402406e-07,-2.3284671199786836e-08,-6.322140750049756e-07,-0.007934496802295606,-0.009516722961844457,-0.012541118952260807,-0.01808540237996311,-0.029238338382601075,-0.05213762067476082,-0.1028028431072122,-0.20143343319409246,-0.4204978495230826,-0.876255655679393,-0.0004658605684361417
-1.0599943653061465e-09,-1.2945105356745873e-07,-5.235679930738472e-08,-1.6930370409445769e-06,-0.008105896192029432,-0.009683194225850943,-0.012721629269189952,-0.018316392878395597,-0.029583695226573108,-0.05266715566860898,-0.103508611006344,-0.20239738089185336,-0.42127880878000623,-0.8755213823597502,-0.00016940876639335531
3.036426526671018e-10,-1.2154629852453036e-07,-4.8300498637734966e-08,-5.141882687753726e-07,-0.008144747329494606,-0.009727648803380931,-0.012766846912820604,-0.01834377888783279,-0.029557568892104168,-0.05253513560787335,-0.10334710101419524,-0.2020656939490314,-0.4210048836995158,-0.8757554168605612,-0.00024323126379790055
2.2707227143182927e-10,-3.1037042099815546e-09,-1.712451669780223e-11,-2.078376570159415e-08,-0.007872574745895082,-0.009451130976237232,-0.01247135662497604,-0.01802061773378373,-0.02919453025468953,-0.05212539434924554,-0.10279075214034944,-0.20151633139551525,-0.4205688127292577,-0.8762097988898335,-0.0004308360403086751
4.258665202341522e-10,-2.0109076206587843e-06,-1.101471591985354e-07,-4.589645261673847e-06,-0.0077341314681961815,-0.009311231648396557,-0.012326626112784143,-0.017848773113608378,-0.028975201261576843,-0.05184943772287569,-0.102468524635768,-0.20108060119393828,-0.42022016947413937,-0.8765463574876475,-0.0006539453592298081
5.02770130345066e-10,-4.060778814907684e-06,-3.01835983016686e-07,-1.1715871762770272e-05,-0.007831206091025989,-0.009406933153065513,-0.012434902591830345,-0.01797957070727014,-0.02914736227140818,-0.052062693557034766,-0.1027734371623883,-0.2013822603890552,-0.4204640404227065,-0.8763003162388908,-0.0004927572090640058
5.288663054755764e-10,-1.8138562280272567e-07,-9.878664738466338e-08,-3.159988351590248e-06,-0.007794157791989955,-0.009370686960652007,-0.01238318142536607,-0.017932884955346628,-0.029109445548691514,-0.052048808701761866,-0.10266990233470746,-0.20146573182692015,-0.4205338780918295,-0.8762643588192043,-0.000454999142783288
4.673578799478384e-10,-1.0869249484208791e-05,-6.835730345597919e-06,-0.00015412648014334984,-0.007166175617482736,-0.008721187487939644,-0.011686358749218707,-0.017228746583419975,-0.02842058847239505,-0.051432860073063365,-0.10183393470118328,-0.20114219000532604,-0.42036237538999227,-0.876612910014313,-0.0006702608990658086
2.8293776274283445e-10,-1.3131701394282205e-05,-3.998897592567644e-06,-0.00011808978363304016,-0.008143127662501344,-0.00973202669013561,-0.012784841623048026,-0.0183140599712755,-0.02942833970152478,-0.05225340103829667,-0.10311067045555784,-0.20143345376194088,-0.4205313905819542,-0.8761772844189694,-0.00048243303924639833
6.261533502260173e-10,-1.4694454743638797e-06,-1.1803263209678873e-08,-1.038321296211586e-06,-0.007679882981569603,-0.009257792555704204,-0.012265468654366242,-0.0177765268444553,-0.028882970076399138,-0.05172150040107497,-0.1022550327782437,-0.20083156643524888,-0.4200172621064878,-0.8767393090426241,-0.0008170977202683744
6.185154050946372e-10,-2.050627835701512e-05,-2.5759716305386637e-05,-0.0004327470138684367,-0.006666548887207106,-0.008198378783363078,-0.011141948624414514,-0.01671519372939627,-0.02801419909706717,-0.05127917785544616,-0.10170003206705397,-0.20162482431312656,-0.4208685874469199,-0.8763230766955302,-0.00047937370751142814
2.4630682234874083e-10,-9.751794046054896e-08,-9.92273017149585e-08,-1.6293578620200468e-06,-0.0077288905768990905,-0.009303131021941849,-0.012314262639228656,-0.01785972667164741,-0.029033817607816738,-0.05198096693093676,-0.10260454494099046,-0.2014178928898117,-0.42049674103056056,-0.876311105402285,-0.00047721244083928963
1.1502237735761965e-10,-2.3473429589705853e-07,-6.875447441753829e-09,-1.4726099458658018e-08,-0.008027987085650936,-0.00960916240526949,-0.012637671348195371,-0.018199884908548424,-0.029389821731958886,-0.052340968459089116,-0.10307791452323173,-0.2018142932024541,-0.42080562286875983,-0.8759653167129732,-0.00031803885053484685
9.219313724976511e-10,-5.939614870397363e-08,-5.5960377697060514e-08,-1.1811064321603732e-07,-0.008053180108564432,-0.00963640480805914,-0.012665093247762459,-0.018218818703920555,-0.029390702852778988,-0.052311538725363635,-0.10301698164996717,-0.20167073113392955,-0.4206865060023615,-0.8760630962207647,-0.00036741622781259466
5.841353632572018e-10,-1.1864784870688773e-06,-2.4267754692701074e-07,-7.659644396319439e-06,-0.007672353122572003,-0.009247355543751942,-0.012247663683744948,-0.01777783589868238,-0.02892678399439732,-0.0518272953377707,-0.1023815892375086,-0.2012104939647694,-0.4203347714931024,-0.8764786697032181,-0.0005840790826026728
4.193066636908973e-10,-1.043083789733883e-07,-1.3839808859946625e-07,-2.364666215067924e-06,-0.007678922017767669,-0.009251014763311766,-0.012259139014862846,-0.017801343126107934,-0.02897226915345274,-0.051910720101033314,-0.1025191727728438,-0.2013513634640065,-0.4204454028023349,-0.8763701248433784,-0.0005097835212210738
5.848788435336484e-10,-5.347189631438751e-07,-4.1136820316914227e-07,-1.0904789070047071e-05,-0.0074278394944726845,-0.008999578607970784,-0.011980777227450204,-0.017475219432985217,-0.02855775724776357,-0.051375864977850835,-0.1017583930639856,-0.200527796823043,-0.4197894646890655,-0.8770205800681822,-0.0010757030805395242
1.039416517130868e-09,-6.77215946136652e-07,-3.0026248015113425e-07,-1.0591443694671629e-06,-0.007939182820571475,-0.009527327176685984,-0.01254030564615637,-0.018059503323812277,-0.029163330300216263,-0.051970651562359145,-0.1024818228352681,-0.2009929682880462,-0.4201380364865834,-0.8765789339390174,-0.0007029767753946206
2.9988460240760013e-10,-1.3911241676987278e-07,-1.1688091806244184e-08,-1.6960744454837123e-07,-0.007857662320893263,-0.009439201943267413,-0.012453412909981618,-0.017987895185179154,-0.02912765983977145,-0.05199677123411324,-0.10259181480122502,-0.20124616733389453,-0.420349168508281,-0.8764114329254571,-0.0005583969688859525
6.293535475701091e-10,-2.1268175388236802e-06,-1.3563904852070641e-07,-1.380717280577275e-06,-0.0077186094004785,-0.009292234296128328,-0.012312744197205678,-0.017861381567869008,-0.029054097540056324,-0.05202302601033863,-0.10272130774176866,-0.2014903534776588,-0.4205537606817748,-0.8762504581631377,-0.00044418476104121017
-3.428787149572115e-06,-1.2839892107361251e-06,-1.4332341318787893e-07,-1.2749055443823721e-06,-0.008027786227351091,-0.009609885799270045,-0.012638778747595092,-0.01818976604393245,-0.029366598638786143,-0.05228890250270378,-0.10296589268145423,-0.2015275823725001,-0.42056886409202776,-0.8761620969291518,-0.00042333630953531184
1.0391139987197064e-09,-1.6459215919455054e-07,-3.390647546626966e-08,-1.0245844634405776e-06,-0.008023326255284804,-0.009605547701744606,-0.012637123515214621,-0.01819483473773062,-0.02937919551718972,-0.05232405260709536,-0.1030638936876656,-0.2017356794701958,-0.4207408495132083,-0.8760177033894379,-0.00034446943456981814
5.061514734970581e-10,-2.0929486380282161e-07,-8.40965595650713e-08,-2.6174633388146637e-06,-0.008068797043947815,-0.009648830121773849,-0.012679430600362454,-0.0182538333849022,-0.029474900483395506,-0.052497439634728214,-0.1032581874882464,-0.20208571449410292,-0.4210274059243837,-0.8757602684016639,-0.00023935268277494918
-7.338559311849728e-10,-7.222906352917979e-07,-9.782444113931835e-08,-1.0748039365349942e-06,-0.008286432597424414,-0.009870452065229648,-0.01291712861681302,-0.01850089667666673,-0.029739692107099487,-0.052750730891269706,-0.10365227110229062,-0.20240697004102934,-0.4212780118003718,-0.8754816836213705,-0.00016631834662711171
5.697268831728228e-10,-9.532286259610287e-07,-7.184075567469156e-08,-3.0614801410773016e-06,-0.007897143000518922,-0.009477324893617594,-0.01249333369221278,-0.01804000912942798,-0.029205913830279824,-0.05213237939233596,-0.10276985240092062,-0.20153279449076636,-0.420584542796995,-0.8761989525737998,-0.0004248370058445412
1.0425012535986328e-09,-4.4894832745797686e-08,-5.2517080618713045e-08,-7.972579234429465e-07,-0.007589917885543516,-0.009164376365876041,-0.012163697525351031,-0.017679772622135416,-0.028795306333661064,-0.051648811011967465,-0.10216433823937944,-0.20089428460435854,-0.4200749817319388,-0.8767203751545632,-0.0007767741219528166
6.200305920945221e-10,-5.895646652151319e-08,1.907017736748984e-10,-6.809788234437639e-09,-0.00784455886488632,-0.009423039044673226,-0.012436036811558,-0.017962716733779784,-0.029099496554185745,-0.05197142060896415,-0.10258970451350452,-0.20125926716991427,-0.420360912619418,-0.8764065334980023,-0.0005519633709589725
1.0372368607092765e-09,-2.563082033752003e-06,-2.083346295730555e-06,-5.058251650925517e-05,-0.008137787783775267,-0.009728528210172022,-0.012768937201161484,-0.01829022506580751,-0.029396690768800374,-0.05217522580569208,-0.10293299031669226,-0.2012889887812168,-0.4203899562882904,-0.8763058705006398,-0.0005415626818447265
-1.3647908485816652e-06,-0.0012721020842679821,-0.00010669493405506519,-0.0033115021934182983,-0.00781609368159753,-0.009410394436676052,-0.012347543442618358,-0.017987410273503025,-0.02923351313136683,-0.05234689273757369,-0.10277353410382764,-0.202356115073663,-0.422270487520476,-0.875181031357808,-0.0004963838634501032
2.8268090561991066e-10,-3.316154536806373e-07,-2.5970646065777986e-08,-1.580208616580225e-07,-0.008071908878312148,-0.009654812638557688,-0.01268785371345026,-0.018254152832307385,-0.029452577219344724,-0.05239990410701306,-0.10316555834609403,-0.20187882818446984,-0.4208558324053177,-0.8759076228351891,-0.00029697914172986033
-2.814241094836393e-05,-0.00030510354890585185,-6.354155496239618e-07,-2.1147443649268336e-05,-0.007811530438559986,-0.009276535442544706,-0.01220152337140931,-0.017692276754579357,-0.02908590217628752,-0.052378769754722936,-0.10310831056570076,-0.20147123869844746,-0.4205327388037174,-0.8762014549475661,-0.00044824777823063085
-8.627640817074311e-06,-3.9207454209350205e-05,-6.123922534933853e-05,-0.00020508661192643768,-0.01032167450420178,-0.012342010292016887,-0.015942847858839756,-0.020427434861452584,-0.03118196653086005,-0.05340993907220985,-0.10396108477867376,-0.20061016869925274,-0.4197407095459734,-0.8763581816472741,-0.0009504419262497424
2.024871776931968e-10,-9.172542461001121e-07,-8.150992147932444e-07,-1.0800002417687458e-05,-0.007419517335727206,-0.00898518915745747,-0.011977730547704915,-0.01751371954341664,-0.028679115348067462,-0.05162942933577887,-0.10214144602899404,-0.20106458537147615,-0.4202266532648069,-0.8766256297115621,-0.0006742301782452762
-1.0663709851459559e-05,-9.251619338033637e-05,-7.4845636828994555e-06,-3.71992720666043e-05,-0.007516347094265394,-0.00905262380134573,-0.012003043130095162,-0.017495440269791933,-0.02869721604175418,-0.05183643794812001,-0.102661453464099,-0.20168025355387653,-0.42073311062714897,-0.8761665236105397,-0.0003803182698464747
-1.2049395262614176e-05,-2.9835332797912787e-06,-1.6990592916945285e-06,-2.858328370807708e-06,-0.003407145991392347,-0.004716928709687453,-0.0074072111189816625,-0.012595454087285105,-0.02345134799852238,-0.04609495097044276,-0.09655889535852684,-0.2018485599785894,-0.4211689863049565,-0.8772831223142367,-0.0004026956106885186
7.37199903685252e-10,-3.1019052620619715e-08,-9.89106511141976e-10,-9.597333929107428e-08,-0.007929693701837938,-0.009509301000700923,-0.01253293100163295,-0.01808832766832847,-0.029272654109272208,-0.052218873562906734,-0.10291401256793037,-0.20165996463373564,-0.4206839312241647,-0.8760954497910934,-0.0003731520648643754
5.004742842382575e-10,-2.9367609727381523e-08,-6.374693823077848e-09,-3.090212665402023e-07,-0.008005982308496955,-0.00958529814855208,-0.012618102349764671,-0.018187165099600233,-0.029398557692038738,-0.05238167014546941,-0.10316017809681104,-0.20191640052084767,-0.4208892277758564,-0.8758902494124315,-0.00028621305096207853
9.617254338857712e-10,-3.798256731043113e-07,-3.9963118283908173e-07,-7.65873575009392e-06,-0.007781443542792527,-0.009353276035631226,-0.012368361725384393,-0.017937633122818118,-0.02915186014126968,-0.05217461232538604,-0.10287292381702988,-0.201832628505672,-0.4208373337135739,-0.8760021168579469,-0.00031680416999978976
4.151495643079438e-10,-4.064689213981328e-06,-2.852917408525447e-07,-7.546393849356815e-06,-0.008015971701683621,-0.009600005741443195,-0.012634134359701751,-0.018178284758912044,-0.029350344366288063,-0.05226148312898221,-0.10295564340031547,-0.2014582552697012,-0.42051465549033096,-0.876207907329316,-0.00045402234697078153
5.063898157421432e-10,-3.884152482577901e-06,-6.894684430518417e-07,-1.0050912650148179e-05,-0.0075380051259052155,-0.009104414420751359,-0.012105458066897744,-0.01765361895130954,-0.028846878062381967,-0.05185867906314495,-0.10241986457118944,-0.20132584620149846,-0.4204332556542249,-0.8764085145848048,-0.000526464959835316
-5.944476642203086e-06,-1.696756084434419e-05,-2.697030774825039e-05,-0.00036735183150638905,-0.0065522750127121705,-0.008041276745784842,-0.010919308889173746,-0.016459423177018286,-0.02772387829147941,-0.05092708271972435,-0.10131247077263801,-0.20127393745805214,-0.42056938255764464,-0.8766317234921237,-0.0006604641883249907
2.5001445719844195e-10,-6.807675342125465e-07,-1.6731294792697128e-08,-2.499155656861239e-07,-0.007506040380690417,-0.009081533869407538,-0.01207656490661382,-0.01757053138599747,-0.028641702065405013,-0.051426444370090266,-0.1018672598446321,-0.20044980454021966,-0.41971296577348055,-0.8770517573468997,-0.0011366942998452367
3.9347651994292746e-10,-6.471026045951588e-07,-9.974543898871424e-08,-3.1176385586733716e-07,-0.007838946315008056,-0.009411674871984552,-0.012437668672771887,-0.018011772607614364,-0.029240719972940456,-0.0522769765279141,-0.103028517628335,-0.20190119802492676,-0.4208844633252016,-0.8759326886696434,-0.00029271846048849247
-1.5284169155397126e-05,-0.0006736112355306682,-0.00010947138456070672,-0.002824917277326686,-0.0068433135918046116,-0.00834975364131343,-0.011134244959958154,-0.01655109855361718,-0.02780094248738673,-0.05110495754006432,-0.101587111409578,-0.20240505229747885,-0.42223262793131344,-0.8755124681616334,-0.00044879368804474646
-1.223810247938568e-05,-4.639956682052495e-05,-5.15285182205451e-05,-0.0007602499455235099,-0.01022221688730324,-0.011932475759794177,-0.015062789387726197,-0.020308150489007096,-0.0311448594835307,-0.05307152967547636,-0.10378333819053066,-0.20056455468429732,-0.41993886240182493,-0.8763406890091027,-0.001204577102276182
4.5970324158267986e-10,-2.7570167993873413e-07,-1.213551620815089e-07,-2.5246337558780654e-06,-0.007990331443837003,-0.009574654185228836,-0.01260156177272584,-0.018144652677122564,-0.029295210764495205,-0.05216255799651665,-0.10285395133310732,-0.20145123558787514,-0.42051101932341867,-0.8762326437687443,-0.0004575932282745582
5.78385598294793e-10,-1.508597471791743e-06,-9.969075533040807e-07,-5.081877733218864e-06,-0.007542364238849302,-0.009105705133874138,-0.012114466836485116,-0.017678927804633558,-0.028909289515345517,-0.051963845411732185,-0.10264619474010317,-0.2016734079246316,-0.420714915250468,-0.8761581979397516,-0.0003750717704901362
7.484387466582505e-10,-4.604078562789086e-06,-3.4908411100830583e-06,-7.54680710928238e-05,-0.007389900104224366,-0.008953435691993614,-0.01193628881278003,-0.01747531872992741,-0.028661578529599257,-0.05168293062957758,-0.10218232772935328,-0.20135791183161084,-0.42049808066733657,-0.8764229743572441,-0.0005291081311796836
1.1888974523972293e-09,-3.0728142352794565e-05,-3.6629326888409243e-06,-0.00012141222195843215,-0.007773422748641003,-0.009350117261497568,-0.01234235929328599,-0.017902287728971792,-0.02908698984622035,-0.05203151446184726,-0.10253330475373644,-0.2015516628306112,-0.4206572551409519,-0.8762048576843765,-0.0004397053226176783
1.271517181881367e-10,-5.653900011330668e-07,-4.5506265040711916e-08,-2.2294546457088837e-06,-0.007524131029675733,-0.0091048687554518,-0.012088896243943513,-0.017565675214525032,-0.028593829300904764,-0.05129904928977248,-0.1016196789928452,-0.2001576149228459,-0.4194763985671443,-0.8772682073144484,-0.0014415683947752926
1.4539299712449486e-09,-2.3495442746092013e-06,-1.959592948145166e-06,-4.3076949605746866e-05,-0.00751173810239036,-0.009077519635013577,-0.012067380371085493,-0.017613547444338455,-0.028803645003572003,-0.051808168628137335,-0.10235345438996044,-0.20142939705744212,-0.4205372860257591,-0.8763488978484567,-0.00048557088382997053
3.669014457293735e-10,-1.07839739421088e-07,-2.159448233243491e-08,-9.56697098373895e-07,-0.007888512444542334,-0.009468417149850559,-0.012491332410204637,-0.018037430215910397,-0.029195624733674225,-0.052100910146815706,-0.1027779139488957,-0.20143984574760815,-0.4205055088722627,-0.8762596855581711,-0.0004638332985482291
2.901347871452237e-10,-2.184351350960537e-07,-2.5965028777889003e-08,-5.814248497393116e-07,-0.00800686291336739,-0.00958884124275105,-0.01261646433198632,-0.01816867250627776,-0.02933502817440706,-0.0522486125250465,-0.10297253317369608,-0.20165493899461145,-0.4206766351084404,-0.8760850100681129,-0.0003741342161553081
5.246487852555841e-10,-7.386312312217856e-07,-3.1036515427382335e-08,-1.8395877729053076e-07,-0.007790882572508531,-0.00937367439177211,-0.012381745522899818,-0.01790151790153239,-0.0290164372535971,-0.05181897761035007,-0.10234408622384844,-0.20093407833923055,-0.4200969108053945,-0.8766508633751768,-0.0007441755880779128
1.502821685937438e-09,-7.761879239241258e-06,-4.179610057407885e-07,-1.301515901823501e-05,-0.00797539543456038,-0.009559041765662196,-0.012568792825842829,-0.0181030029992663,-0.0292429434014369,-0.052107857298769794,-0.10268212357273776,-0.20140219229055767,-0.4204806524144509,-0.8762852771351128,-0.000483700857305467
-3.3964634748066467e-06,-2.1621172499304844e-07,-8.854611112446157e-09,-6.474746507499853e-08,-0.007666509086799802,-0.00923707808013646,-0.012240268942782335,-0.017760485772773598,-0.028891519854605124,-0.051749586765656434,-0.1023014953869032,-0.20096136128442435,-0.4201244586218548,-0.8766521777141574,-0.0007288116827586574
2.981137555534753e-10,-1.9738058978277995e-06,-1.443968933285683e-06,-3.5449106791661776e-05,-0.008294680337280123,-0.00988256944273692,-0.012937654486645585,-0.018506088871857774,-0.02970127861331125,-0.05263004530561182,-0.1035405133346392,-0.202066268703616,-0.4210107236053735,-0.8757099474293878,-0.0002451304184271662
-6.405884654741076e-06,-6.0839070094588674e-05,-1.2863295565143253e-05,-0.00024085098449942328,-0.008840241640067125,-0.010473598636734086,-0.013624980648874515,-0.019019714602102902,-0.030169489555779645,-0.05290256288246587,-0.1037365714951714,-0.20138540639259234,-0.42049163998666056,-0.8760261761755076,-0.0005045640286822497
-8.0411976293708e-07,-1.8520216527219832e-05,-6.540054371401574e-06,-0.00016077785220748258,-0.007424183930208375,-0.008960165840526564,-0.011940809046011887,-0.017490170187737405,-0.028704133300480376,-0.05175659086441649,-0.10226876684500022,-0.2016107826542591,-0.4207378575837019,-0.8762334136880959,-0.0004273586477069149
5.671132208277674e-10,-1.2798647539259696e-06,-1.4046813796361047e-07,-1.5243273182074822e-06,-0.007379692323467311,-0.008950093247575059,-0.011933498572957191,-0.017414396233241997,-0.028479482067018093,-0.05129167531706738,-0.101663534095404,-0.200338500099568,-0.4196297447847151,-0.8771608744282816,-0.0012519434122211846
4.3086993408227553e-10,-4.4655361881563845e-07,-2.398063825111055e-07,-1.355543904622247e-06,-0.0075128129324897,-0.009082867880875829,-0.012081134563072792,-0.017606781734613317,-0.028751028597559226,-0.051656128955690994,-0.10219112825867972,-0.2009955679040445,-0.4201607707361102,-0.8766580782123621,-0.0007116263361370603
7.442843236287422e-10,-3.817473613612204e-06,-1.3742959221530563e-06,-4.2849568805479294e-06,-0.0085581138193665,-0.010157489107298462,-0.01320806442692076,-0.018780929259516882,-0.029954677025566336,-0.05285461593005547,-0.1037038334832282,-0.20220305436778002,-0.4210987780709036,-0.8755790498836917,-0.00020706355253466402
3.6383401077290366e-10,-2.4103110075897368e-06,-6.181874981616132e-07,-1.9738443831082543e-05,-0.007956054806098553,-0.009534198588720628,-0.01255185311179233,-0.0181185921103012,-0.029329633485921207,-0.05233052845299456,-0.10299451059355773,-0.20188015706948093,-0.4208739079519451,-0.8759342429841384,-0.000301266411068221
3.140678939892219e-10,-6.403422691096025e-07,-1.6622172417861672e-08,-1.0062228408417676e-06,-0.007708086671838508,-0.009287917967406585,-0.012289172743920523,-0.017802127785609956,-0.028900265325514644,-0.05170325826676498,-0.10219424783044552,-0.2008307766788064,-0.4200179131995699,-0.8767452264068981,-0.0008184046013210997
4.964841606980512e-10,-1.7478017584931282e-06,-3.401107265771441e-07,-1.2240468888959857e-05,-0.007763525598600048,-0.009345558983028515,-0.012362054157800671,-0.017869343922099244,-0.028964703093130376,-0.05175779713835686,-0.10233614129330323,-0.20080353883525195,-0.4199950714212951,-0.8767370344623474,-0.0008386729094090668
-9.587862213584017e-09,-1.029454769636899e-06,-3.4455470737363743e-07,-3.4059618100356625e-06,-0.007626311052914005,-0.009195972724885487,-0.012204878775117277,-0.017764513536702317,-0.028984731032103132,-0.05199838581317077,-0.10264321882940514,-0.20154909279430605,-0.4206081840802489,-0.8762290953744487,-0.0004218073370628016
-4.3835412532774986e-05,-0.000350152477003847,-0.0003016554951004926,-0.0032846118640517865,-0.004594635387145118,-0.005937570982507741,-0.008742701783132854,-0.014175600847992985,-0.025677066684994955,-0.049493797349064866,-0.10006119141946254,-0.2026267406382502,-0.4225177806761371,-0.8757583519350625,-0.0005037643524444039
3.481847259265865e-10,-5.15464657606145e-07,-3.1159740111494886e-08,-1.5104351410120438e-06,-0.00783657030107033,-0.00941590685420334,-0.012428072316095716,-0.01797087466729515,-0.029119049157405395,-0.05201348016325378,-0.1026200313180025,-0.201351146686314,-0.4204377782334895,-0.8763420749450938,-0.0005068287490243819
7.438042601571264e-10,-9.352628873214166e-08,-5.8763117273364626e-08,-1.7427520285220818e-06,-0.00784038276027549,-0.00949539265348855,-0.0125156790265636,-0.018051628038366237,-0.029196229285031107,-0.05207426390983028,-0.1027308735865205,-0.20133481524635294,-0.4204190053914093,-0.8763318331742908,-0.000512724277872718
1.353495026893724e-09,-9.301707103155006e-08,-1.3882181709599993e-08,-2.165435349833804e-07,-0.007724506008324619,-0.00929773630318986,-0.012307185426147765,-0.01782521304872564,-0.028950865477082987,-0.05181828835618686,-0.10240813054574284,-0.2010873032808297,-0.4202257290847468,-0.8765529787440792,-0.0006497249178858402
-2.1422962148625816e-05,-0.00023735847041174497,-0.0003589938770860772,-0.00221799998962822,-0.013368427382810764,-0.015196354392424527,-0.01840886791988816,-0.02397726450086531,-0.0348836522153965,-0.05653219571921427,-0.10756373540735734,-0.2015910711639156,-0.4208547546619369,-0.8745992681677861,-0.0007824767395069183
4.693042491027543e-10,-1.3752275784511571e-07,-1.8615588383593525e-08,-6.994104286715432e-07,-0.007943897894096243,-0.009523454799124607,-0.012544485669000436,-0.01809385051158265,-0.02927173524217645,-0.05220792063719381,-0.10287867017166323,-0.2016154464970555,-0.4206478196231353,-0.8761273464071371,-0.00039019263649836517
3.0375994356529954e-10,-5.736633276240136e-07,-8.344120932953661e-08,-5.19529950126193e-07,-0.007932357542113041,-0.009506138498436154,-0.012536418061726956,-0.01811675656416047,-0.029356378144039408,-0.05242106104936439,-0.1032138325416018,-0.20210860923416132,-0.4210502612147721,-0.8757655020625402,-0.00023436785076976646
-1.235962492083858e-05,-0.00044685917020304813,-3.760111185377374e-05,-4.867710372060492e-05,-0.006605976309157278,-0.008108617710157856,-0.01104824767962838,-0.016602725265201183,-0.027834835396182683,-0.051549400188111334,-0.10258819125763596,-0.20206757041202197,-0.4210614275642176,-0.8760194359931321,-0.00027084727965209256
-1.0676777079074904e-05,-0.0004214330673508751,-0.00014828740567746453,-0.002549546952833325,-0.00570335106522691,-0.007166143193663301,-0.009977355623641878,-0.015492096253841537,-0.02688812604996749,-0.05033556327888882,-0.10083004389899766,-0.2023273919753072,-0.4221036417774109,-0.8758060985483548,-0.0004874593692478639
8.499326573854405e-10,-5.8447423836642625e-09,-3.4997898517088775e-10,-3.370104317236839e-08,-0.007964680357655476,-0.009543316592555716,-0.012571411350930177,-0.018136101360427308,-0.02934645115251067,-0.052329508979573836,-0.10307005942231733,-0.2018456510228221,-0.4208335272182111,-0.8759513355765902,-0.0003085075994996973
1.1877193210296592e-10,-8.606006179558645e-07,-9.588801306846027e-07,-1.2496916664773833e-05,-0.007684163734360493,-0.009251189157419829,-0.012265753045908356,-0.017844805882742863,-0.02909733133253572,-0.05218791064915524,-0.1029074797931806,-0.2019710386945495,-0.42095596555780335,-0.8759155304113013,-0.00027608240888285084
1.2995192396247485e-09,-1.1712080242064353e-07,-6.445938128820545e-09,-3.533349955387164e-07,-0.007885873765807079,-0.009467083986540429,-0.012487332560039088,-0.01802726387192173,-0.029179881143229208,-0.05208281934974489,-0.10273643860177342,-0.20139114389821428,-0.4204656597134659,-0.87629676311482,-0.00048602234865038495
3.6287349669954965e-10,-4.637335194946312e-07,-5.748523625929966e-07,-8.864985696968007e-06,-0.008266619746200472,-0.009855173209424993,-0.012899052998354291,-0.018460198622637442,-0.02963227875227185,-0.0525387191936685,-0.10334682192594648,-0.2018906843374847,-0.4208593019359256,-0.8758560088959997,-0.00029234907615251904
4.97893037659341e-10,-2.8412511156084517e-06,-1.48391222360494e-07,-6.6380922024936935e-06,-0.007654506598414086,-0.009233505992523596,-0.012245491081334277,-0.017759776910337526,-0.02887039311975025,-0.05170002059110257,-0.1022621246808206,-0.20080462135162544,-0.4199980069426372,-0.876756514035501,-0.0008385976589618604
9.443618546070347e-10,-7.436719974914456e-07,-9.895607752490405e-08,-3.687414780925917e-06,-0.0076193883173932735,-0.009196396847722246,-0.012193495582830774,-0.017713121556913826,-0.02882410753172927,-0.0516624597480822,-0.10215431693492624,-0.20088919774283676,-0.4200718696267773,-0.8767206374549926,-0.0007809988339068202
6.652566322111222e-10,-9.223822734977676e-08,-3.4766820650897094e-09,-3.799778972641127e-08,-0.007939140918848021,-0.009520340176633436,-0.012543049380947364,-0.01809085308626961,-0.02925320126497135,-0.052164473832405016,-0.10284798569526153,-0.20153992129942835,-0.4205853731476017,-0.8761816544997917,-0.000420122602314689
3.2839099534483663e-10,-1.9836102250884293e-07,-2.0682087399340023e-08,-1.139661000748182e-07,-0.00778627482086102,-0.009368005880286127,-0.012375691628212686,-0.017893568728192817,-0.028997032094413663,-0.05180602325681489,-0.10232374602214513,-0.2009086603398756,-0.420076404448753,-0.8766706844814484,-0.0007613017307593642
2.627978080259296e-10,-1.8813452361301188e-07,-2.7497558493314517e-08,-4.8853176148522434e-08,-0.007760022636052395,-0.009335472554262146,-0.012350482981794484,-0.017890927256341848,-0.029053007453118486,-0.05197501108947944,-0.10261983579983702,-0.20136202042958232,-0.420447886443804,-0.8763434919013801,-0.0005020553121682996
2.096803307038406e-10,-5.976806352003073e-08,-4.8449032181520275e-08,-7.240919677899673e-08,-0.007783977146066432,-0.009357978807376249,-0.012377201737628315,-0.017932194294492568,-0.029119474360467024,-0.052071382209572525,-0.1027652858166184,-0.20155833088029773,-0.4206071545996887,-0.8761954032592991,-0.00041483473689111713
2.730525733287952e-10,-9.135886665240385e-07,-1.487454511374205e-06,-2.0310127929757205e-05,-0.007571987758171344,-0.009136547300281359,-0.012141648369526891,-0.01771286359739997,-0.02894561113709937,-0.05200999443314657,-0.10268451146980488,-0.20180123989213936,-0.42082704593892895,-0.8760649137424932,-0.0003321605136456156
5.60559828508799e-10,-7.772777309399004e-05,-2.420585896385322e-05,-0.00037344263088262997,-0.009251874786886069,-0.010878545925471531,-0.014014114583302172,-0.01957137873391656,-0.030777559608781892,-0.053537464235133586,-0.10455753193088277,-0.20198263236474132,-0.4209910395567172,-0.8754641219234098,-0.00029231507580372015
1.202516555005741e-09,-1.0975086626767551e-06,-8.777403564596478e-08,-3.816062196321077e-06,-0.007774531538650834,-0.009353923263149173,-0.012358678035847665,-0.017880447542310142,-0.029010746440208162,-0.051872235872003236,-0.10240849044351497,-0.2011134578063172,-0.4202480208051626,-0.8765281287743512,-0.000634988450307996
2.0477644797511081e-10,-1.0185255242347928e-07,-4.177014361503887e-08,-1.492377759609723e-06,-0.008004677711948256,-0.009584024683579108,-0.012616615188846096,-0.0181813356906208,-0.02938326421607548,-0.05235440870955215,-0.1031395150517757,-0.2018747570486799,-0.4208559246389412,-0.8759205702443075,-0.0002990927638121272
3.7501409269858835e-10,-4.3843489070654305e-08,-1.0584817120043724e-09,-4.386048069374221e-09,-0.007957880383245642,-0.009535401469969337,-0.012563845024933023,-0.018132006933776014,-0.029326324707579912,-0.052317583760391966,-0.1030627812248967,-0.20184843048356607,-0.4208364097246382,-0.8759519087965264,-0.0003077838318432282
8.587426481943659e-10,-2.2170517870760653e-06,-1.890369433235545e-07,-4.5692748924557296e-06,-0.007918792785682643,-0.00950457722380874,-0.012515629007504574,-0.0180471357256002,-0.02914867018654772,-0.05198846578452004,-0.1025303274305836,-0.20117651591838576,-0.4202936949602452,-0.8764576504677476,-0.0005968055254337981
7.945857012333249e-10,-8.355505645914971e-09,-1.6325681442703508e-08,-3.935974727229316e-07,-0.00791678675935492,-0.009497888137607182,-0.012520146985572168,-0.018063079337791464,-0.02921975796343037,-0.05211808534971983,-0.1027840215072455,-0.20143383304804585,-0.4204991833310417,-0.8762600817228977,-0.0004660206115455044
4.204552615552394e-10,-1.0233383652663848e-06,-5.847826099287672e-07,-1.696073499833638e-05,-0.00796181398303852,-0.009546967937959807,-0.012573941070724584,-0.018097953645599102,-0.029206248599886013,-0.05202976253590751,-0.10272709142703057,-0.2012415309005064,-0.4203474940141704,-0.8763867379779815,-0.0005626609009658384
1.279341020036012e-09,-1.0784264697243895e-06,-1.4550471714034178e-06,-2.638128787284975e-05,-0.0075467055650302,-0.009113249550447991,-0.012112700344212685,-0.01767369900804099,-0.02888923355569451,-0.05191482500672619,-0.1025195508842652,-0.2015842497956713,-0.42065371363716997,-0.8762264904233108,-0.00041404413136492634
-1.3370532265902164e-05,-0.0018028715849890255,-0.00010024503618827669,-0.0003116302402941101,-0.0056557624272837075,-0.007152100183907951,-0.010151274815045136,-0.015688512574611298,-0.027018563962983525,-0.05092927204665376,-0.10218618815169576,-0.20080843417365885,-0.4200903053425466,-0.8769226906658024,-0.0010126093218539383
-4.8045032018404926e-06,-0.00023702757015384252,-0.00010225401781660363,-0.00012754208395334652,-0.006702509092485765,-0.00820014227718132,-0.01119680235688981,-0.01681272436293214,-0.02820263731644657,-0.05151791163804157,-0.1021313773989227,-0.2024828760817769,-0.4214028877280373,-0.87579504865403,-0.00019013241565235482
4.3770154393346367e-10,-6.5600229978054505e-09,-9.500725914256919e-10,-1.0710232762773588e-07,-0.0077040190271356855,-0.009284817604402166,-0.012290514829960766,-0.017805219852320257,-0.028913383982953206,-0.05174544272326245,-0.10225988933980508,-0.2008880263078256,-0.4200631476170329,-0.8766999762258024,-0.0007772394482223236
6.86266667259747e-10,-4.719225456024636e-08,-9.196982907047305e-08,-9.636690674322078e-07,-0.008165382961720098,-0.00974941924229815,-0.012788987655847586,-0.018361713033677174,-0.029560129375040108,-0.052529195198615576,-0.10332758694055788,-0.2020059280506128,-0.42095514618864,-0.8757945286931514,-0.0002590424180950165
9.084367854620473e-10,-1.8214723544190705e-06,-6.823717879875614e-07,-1.4919221215911285e-05,-0.008101996585564169,-0.009687440479611566,-0.01272446060402114,-0.01826734726397129,-0.029418554251584437,-0.05228871883042703,-0.10300508351094118,-0.2014503506658429,-0.4205079070756526,-0.8761983077650992,-0.0004579065011499719
7.723548789957721e-10,-6.230107465128054e-07,-4.950066376318409e-07,-1.10096329903205e-05,-0.007409553443996994,-0.008979728482878436,-0.011966398619439971,-0.017484582021451516,-0.028606475542871136,-0.051467629713466606,-0.10190436549542496,-0.2007380328016721,-0.4199612619721603,-0.8768674197046491,-0.0009001869641083731
4.682814492665834e-10,-1.7004073926975613e-07,-5.23913463844819e-10,-5.8769475993282104e-08,-0.008111290395407256,-0.00968942109307932,-0.012726452394990987,-0.018312560713747237,-0.029555620062254075,-0.05259974404888473,-0.1034508735084268,-0.2023084937582007,-0.4212057470604112,-0.8755887580384033,-0.00018702519614886918
-5.446668842422707e-06,-3.2154186875270945e-05,-9.623841873154184e-06,-1.411265873097706e-05,-0.0072121194882344706,-0.008753432340974808,-0.011729274802826765,-0.017239504175183117,-0.028420232098839662,-0.05131257642985683,-0.10212684769140512,-0.20151508560803771,-0.4206080108418934,-0.8763812749170702,-0.00045298358877299765
1.201644280635237e-10,-3.718645232670157e-08,-8.92018980838415e-09,-1.9958129754218855e-07,-0.008071986647201278,-0.009649159882837004,-0.012689111940451045,-0.018279963713944386,-0.029527903262694086,-0.05257702838035793,-0.10343899870060153,-0.20227931432910884,-0.4211825644426587,-0.875612372882288,-0.00019329862748702055
8.050199396555336e-10,-1.317691048210263e-06,-3.286626451407298e-07,-3.908257360936224e-06,-0.007886922408354624,-0.00947506651487542,-0.012483490421863029,-0.018003971416190208,-0.02910680677606115,-0.05191898580149916,-0.10240118749707124,-0.2009537881238985,-0.4201106500494806,-0.8766188067751378,-0.0007306008102470419
-2.108618983071534e-06,-3.813534095397784e-07,-5.744930414157129e-07,-8.933296590588771e-06,-0.007704565398850325,-0.009269409721408065,-0.012254441308514342,-0.01777692461882888,-0.028924758665399883,-0.0519010864935617,-0.10250468560063554,-0.2014419885823757,-0.420525502762813,-0.8763149179462679,-0.00047006878536154075
5.608325687046956e-10,-3.1929466389276267e-09,-2.0299721439944167e-10,-5.4978533750103154e-08,-0.0077232322435276815,-0.009301190820233236,-0.012309752311061295,-0.01783074868857065,-0.02894625545536138,-0.05178606927752693,-0.1023450388134162,-0.2009837698358332,-0.4201404886522776,-0.8766265832414292,-0.0007132129797002394
2.4843188561221086e-10,-6.329081869785758e-08,-3.4071235234563888e-09,-2.2737593584318036e-07,-0.007638160074478766,-0.009215756665095534,-0.012215231633964006,-0.017725081611507897,-0.028825922637728082,-0.0516442798538415,-0.10214146995996856,-0.20079825369662946,-0.4199936119979033,-0.8767804578078039,-0.0008432783982347092
4.469177227267114e-10,-7.958178934432005e-07,-2.659357696141049e-07,-2.2756312931839148e-06,-0.007287722699326197,-0.008856439008084178,-0.011833520466444435,-0.017318810857588268,-0.028382459245038207,-0.05114062146981508,-0.1015135443549218,-0.2002553580682163,-0.4195675955544325,-0.8772434169373559,-0.0013441872152715412
5.447269461754269e-10,-3.663954083320714e-07,-4.37088221193166e-07,-6.672079717449103e-06,-0.00740070276975828,-0.00896884887160382,-0.011954895797496942,-0.017467907447597294,-0.02858561771401158,-0.051440279029220534,-0.10189174254136343,-0.20072406705386728,-0.4199483010784615,-0.8768813470416553,-0.0009099652011180733
-4.9499583358004794e-05,-0.00020112089342897097,-1.3850724712480185e-05,-0.00013828555192264055,-0.009535368253065628,-0.01112185126445495,-0.014173923761767257,-0.01965965194649539,-0.030822583124480732,-0.05366265156014164,-0.10450882415066504,-0.2029855823108956,-0.4217468137766303,-0.8748547801768214,-8.292198419112506e-05
2.9596385691128005e-10,-2.9225896023234793e-06,-2.7003499181979024e-08,-2.049166890583529e-06,-0.0075838806565851295,-0.009165177524558138,-0.012152788624870002,-0.017640067558016944,-0.028683880457450205,-0.051397109319695,-0.10177757871204694,-0.20036037375720328,-0.4196402921989964,-0.8771131853655967,-0.00122365596478601
6.584563217768221e-10,-1.3402018041895332e-07,-4.6528886054829504e-08,-9.808372322753314e-07,-0.007814461920903907,-0.009389963345717324,-0.012405333262362187,-0.01795825210165017,-0.02914399411314464,-0.05209883833029681,-0.10277385735644748,-0.20159571355111824,-0.4206381574566714,-0.8761669624876428,-0.0003999777163363265
4.588497906132128e-10,-2.4995246281278976e-07,-4.541197400644661e-07,-4.140833765030165e-06,-0.007549637419980813,-0.00911839699660786,-0.012119733417193992,-0.017660741786098184,-0.028833069310204924,-0.05178409743092113,-0.1023708669656338,-0.20127159078950446,-0.4203870000080417,-0.8764529143324281,-0.0005529351215274598
4.949276364923457e-10,-1.4591202290714623e-07,-4.283618687357178e-08,-1.5573653521126732e-06,-0.007888038660054589,-0.009468472567305226,-0.012492483859810388,-0.018034720068515427,-0.029187996275592223,-0.052078065407566716,-0.10274207959288527,-0.2013687015246172,-0.4204472848668797,-0.8763098081496887,-0.0004966345110229646
4.1889330938616607e-10,-8.413532844197785e-07,-6.975202934928452e-08,-2.989175120847472e-06,-0.007757889733663974,-0.009336149288695885,-0.012342961351823278,-0.017875674309825233,-0.02901402551589729,-0.05189416075062226,-0.10246302930745814,-0.201214929347424,-0.4203314510105847,-0.8764579044319334,-0.0005783882971789055
9.602929079459777e-10,-6.916552131671273e-07,-1.1456709239144176e-06,-1.6849295046782834e-05,-0.007656735160722032,-0.009222995381405613,-0.012233667831901222,-0.017810189584938192,-0.02905309173695012,-0.05212520198859389,-0.10282605657946728,-0.2019119606013472,-0.4209117950104704,-0.8759668096945356,-0.00029477745592016233
3.0149749063398584e-10,-2.5940661666522354e-07,-1.2960839115458658e-07,-2.1398064103770127e-06,-0.007663657966155167,-0.009237075177893541,-0.012242410900820646,-0.017780267367807114,-0.0289337106696021,-0.05184497401020749,-0.10243673273167883,-0.20125738621743525,-0.4203697045627917,-0.8764437106037458,-0.0005574914261141325
4.0204544178841197e-10,-2.1079107456668566e-07,-1.8044995137619063e-08,-9.099259257278972e-07,-0.007663351179419983,-0.0092401319921815,-0.012248282342307244,-0.01776755266264659,-0.028883091186343024,-0.051711713878409934,-0.10225834454271156,-0.20086467695861654,-0.42004523859825177,-0.8767192508162878,-0.0007941615735918715
2.8195089090706974e-10,-8.161881049372322e-07,-1.0987946881267413e-06,-1.162099854209358e-05,-0.0075464146502255075,-0.00911092302176654,-0.012114284052945914,-0.01767252615502029,-0.028886271031799683,-0.051921601001464215,-0.10256160726909364,-0.20159799790737692,-0.4206576116118663,-0.8762162327191149,-0.00040575924006976057
4.951647577335829e-10,-6.256288311434935e-07,-4.490480491191867e-08,-2.0424799916933328e-06,-0.007839164211094594,-0.009419540243179323,-0.012440968579038295,-0.017978858894876437,-0.0291309540789804,-0.05202223059112258,-0.1026685063897208,-0.20128490780251185,-0.4203807618324672,-0.8763775551946416,-0.0005385020112487846
2.6512129494736147e-10,-4.3355706859236395e-07,-1.698940672161611e-07,-1.8740336878873557e-07,-0.007891858204187013,-0.00947920288705381,-0.012491243318317415,-0.018003754012098642,-0.029097640181840113,-0.05187947956877041,-0.10239787804260164,-0.20089506794789772,-0.4200597259744892,-0.8766592629180191,-0.000767899729013241
-4.309442852888574e-06,-1.4643822973637775e-05,-9.355179219317768e-07,-2.087832977390864e-06,-0.007725389885281752,-0.009280502701467064,-0.012277374059792118,-0.017820556718307606,-0.028991644780770712,-0.05193246180013339,-0.1027033717850854,-0.20174880592962185,-0.42077310699966186,-0.8760967832271276,-0.00034663726943181606
-0.003119392871360775,-0.0007934213618152786,-9.397412216388553e-05,-0.0025148660021013696,-0.011582812470371491,-0.011612544509094542,-0.014095137661698048,-0.019384884042781002,-0.029225570624656076,-0.0517794735930476,-0.10359555851725756,-0.20154530211400587,-0.4213629577844825,-0.8756105094843395,-0.0008515026064268503
5.655871321259568e-10,-1.6447336838451998e-07,-1.5944104492128238e-07,-3.948845833499772e-06,-0.007745514476961755,-0.009321307059596409,-0.012332356881900168,-0.01788058624488889,-0.029060588363484473,-0.0520176737414662,-0.10263785044328057,-0.20146981166758374,-0.4205398933486684,-0.8762705325245719,-0.00045423384380543087
7.626231523082988e-10,-4.8261163150425614e-08,-2.4017191891676977e-08,-1.3254966474896385e-07,-0.007803931827151354,-0.009378529085610852,-0.01239862248753382,-0.017950506641722402,-0.029131118487580723,-0.052062699876232466,-0.10275032234139984,-0.2015111938949062,-0.4205677304081632,-0.8762258451729585,-0.00043409510240216087
2.1178861653247987e-10,-6.392630219763977e-08,-1.4646857980609405e-09,-9.403668077696622e-08,-0.008031095504409393,-0.009610714706044491,-0.012641891031160191,-0.01821218874389609,-0.029415312119223755,-0.052397098440187764,-0.10315653651743953,-0.2019378650655992,-0.42090659687941057,-0.8758745467617322,-0.000279820294374628
3.445797293268394e-10,-8.296303058791403e-08,-1.897068909542021e-08,-7.236148524117371e-07,-0.007824981359792706,-0.009401839687515779,-0.012418426247645829,-0.017971214102384232,-0.029153433874613294,-0.052095057621483816,-0.10275357171840643,-0.2015332461434524,-0.4205858278371921,-0.8762080305097982,-0.0004248645892694632
2.3076109199828952e-10,-1.0029246072198172e-08,-4.558086543571323e-09,-4.344706227087682e-08,-0.0078036803406216874,-0.00938468799298299,-0.012395876801708144,-0.017915478555068882,-0.029027421841004857,-0.05186055515030456,-0.10242387666859824,-0.20102740265357816,-0.420172577198176,-0.8765805193121609,-0.0006839991675043903
1.645317227313282e-10,-1.1369359309516294e-07,-4.7102609918453675e-09,-2.5693204251821445e-07,-0.008013592485926037,-0.009592013341233113,-0.012621695205512644,-0.01819359839381656,-0.029406336095006112,-0.052407720808896295,-0.1031805444256702,-0.20200139718344987,-0.4209596944341283,-0.8758322809728312,-0.00026200278122317144
4.26920629312146e-10,-1.3130381125487536e-07,-2.1668753479929604e-07,-1.9888444165946896e-06,-0.008084416888162345,-0.009670523462558204,-0.012703367429524774,-0.01825591507249409,-0.029423656502488536,-0.052329796898842096,-0.10304779263529926,-0.20163180801808211,-0.4206529897375234,-0.8760802987558586,-0.000381677147696446
2.582400345776316e-10,-4.554461156335743e-07,4.557676015420424e-11,-5.5008620563999294e-08,-0.007836023187720628,-0.009414347732222366,-0.012434702662747729,-0.017980794235236183,-0.02915067542176405,-0.05208353831502778,-0.10274101013874357,-0.2014407149594972,-0.4205078506257075,-0.8762682663338304,-0.00046396638358753533
-1.2354107430289883e-07,-2.5498360502060457e-06,-9.818889984602732e-07,-6.706141329811676e-06,-0.008518186070152868,-0.010108740341171858,-0.013171737398894438,-0.0187683329550358,-0.030010018342040774,-0.05304407851746069,-0.1039497660283842,-0.2024923997274996,-0.4213346907571025,-0.8753579806099892,-0.00014947168481318923
-1.5960094480186805e-06,-1.7148653832362664e-05,-8.748414294572439e-06,-1.2256130091345264e-05,-0.006969751313479524,-0.008508626084237294,-0.011465845089500005,-0.016982537722445464,-0.02809336861858061,-0.05095824448208351,-0.10159527649026348,-0.2009299366439969,-0.4201384934927072,-0.8768459913502336,-0.000783165502802443
4.561377603222017e-10,-1.125112528056938e-06,-5.1001503824516396e-08,-1.5948936143121563e-06,-0.008106836815290164,-0.00968828135801255,-0.012720294205772928,-0.0182938062676738,-0.02951609532389596,-0.0525115315500211,-0.1032866616689044,-0.20209126842115888,-0.4210298122407319,-0.8757500251290109,-0.0002374743182367933
7.703813901014016e-10,-1.2940461167885224e-05,-1.483935954003321e-05,-5.6503522495515405e-05,-0.009135463550550121,-0.010766830417231936,-0.013843957859518466,-0.0193789070979164,-0.03044126199475892,-0.05305727476856168,-0.10376855978708076,-0.2014902980379928,-0.4204944311785042,-0.8759606332371624,-0.0004365644323615921
2.3024657220502203e-10,-1.4979739175138897e-07,-4.0466327252627585e-08,-1.1280769780848428e-06,-0.007904439919472619,-0.009485710588822928,-0.012507420376911884,-0.01804493498533398,-0.02919404246994417,-0.05206588854290512,-0.10273200702578696,-0.20136872057386626,-0.4204472311621486,-0.8763107188108213,-0.0004965931548305853
9.059268003089737e-10,-4.095370051806585e-06,-3.0990453471573365e-06,-6.728090729286195e-05,-0.007336548767970798,-0.008897667276022298,-0.011877623961201155,-0.017416690812646785,-0.028601866797077945,-0.051589085870071515,-0.10206029375071908,-0.20119704673394626,-0.4203653854963367,-0.8765481154392092,-0.0006138021006256582
5.563934028401834e-10,-2.870842019539725e-06,-2.6340495899299883e-06,-4.462527311916472e-05,-0.007533136870953289,-0.00909581939835186,-0.01209970945564916,-0.01768043380729192,-0.02893584355596524,-0.05205417774816185,-0.1026942050521664,-0.20186970868928156,-0.4208937487138147,-0.8760156769767624,-0.00031320747656434465
3.555860715826307e-10,-1.113331566707845e-06,-1.0106164846110082e-07,-2.342835924673234e-07,-0.007888038957125844,-0.009474056139372477,-0.012486623791150791,-0.018011101604853218,-0.029124897492737306,-0.05194097234446258,-0.10249350670270592,-0.20106711373600292,-0.4202012834812862,-0.8765365614692612,-0.0006582195635620508
4.933890430040199e-10,-3.4245741908360386e-09,-8.4901768217182e-09,-2.1909283977331862e-07,-0.0076893941452057125,-0.009266322774739393,-0.012270610837397748,-0.017789561352781997,-0.02890630699135632,-0.051763242498424906,-0.10230449459414258,-0.20099488854640035,-0.4201520887954372,-0.8766279460821793,-0.0007074296030938307
2.766886108069329e-10,-2.935952491731187e-07,-3.567525263956641e-07,-6.935412540361079e-06,-0.0077717252215944105,-0.009343185628953416,-0.012360368589016906,-0.017934592637625982,-0.02916424081129593,-0.05219150899103732,-0.10289293963974616,-0.2018427439055621,-0.4208447744068743,-0.8759928197173681,-0.000313280199174078
2.4504815498179246e-10,-9.983812923535195e-07,-6.581018983988153e-07,-1.312402661995107e-06,-0.007641403415533837,-0.009207414246919936,-0.01222404522054571,-0.01779414085450182,-0.029025987679487712,-0.05207694096734699,-0.10281857103301244,-0.2018084528563253,-0.4208186364814847,-0.8760407540672205,-0.0003251890296967498
3.7058108012091217e-10,-1.5314861480054052e-07,-4.951214557121481e-08,-6.514586041805325e-07,-0.008022501075080072,-0.009604140503379963,-0.012631708592800285,-0.01819295790286745,-0.02938843203696932,-0.05235146710851397,-0.10305054578811472,-0.201767345884288,-0.420767160548723,-0.8759975727114233,-0.00033370132652023744
5.581062695317077e-10,-1.0884336402373883e-05,-3.8506296869416494e-07,-1.585026876196819e-05,-0.007862697402799868,-0.0094401660616161,-0.012476472979563,-0.018038936078676737,-0.029243618717584182,-0.052227189722712425,-0.10299601665349553,-0.20161391442413065,-0.42065151209246376,-0.8761156185769516,-0.0003927821648801974
1.6776088422154757e-10,-9.654961163977945e-08,-2.918424950747564e-08,-7.773862311921599e-07,-0.0076639133969407325,-0.009240541626377677,-0.01224389763068781,-0.017763864850451574,-0.02888358651264229,-0.051751777414202164,-0.1022762213838538,-0.20097578673997388,-0.4201377415588637,-0.8766453170378217,-0.0007203797854641945
2.576691204746063e-10,-1.2839287892483965e-05,-1.106051015330679e-05,-0.00021377010011116004,-0.007291259102099203,-0.008844035252394519,-0.011829073769732036,-0.017430393928747685,-0.028744147047934338,-0.051980391052108416,-0.10261268872601854,-0.20222916723419773,-0.4212612509483479,-0.8757897997716337,-0.00023224700117046557
2.8593440890078736e-10,-8.962150923231729e-08,-7.595192880558188e-08,-1.914813896131134e-06,-0.007769116298830999,-0.009344932632620815,-0.012356978221590069,-0.017902806417762315,-0.029077881754183826,-0.0520237766060988,-0.10264866844321066,-0.2014454656231772,-0.4205175959477476,-0.8762833228359053,-0.0004640715705409036
6.595772635494177e-10,-1.7516012293701197e-07,-2.599148590189332e-08,-9.861785443559949e-07,-0.008085023463349451,-0.009664659528341578,-0.012699209880307769,-0.01828127729883037,-0.029516911710590493,-0.05254807063004039,-0.10334658013011233,-0.20217780114949568,-0.42110045207999697,-0.8756878526421136,-0.00021624383509398983
3.8557946911818886e-10,-7.399375878140207e-08,-5.526465506930934e-08,-1.4936872361673505e-06,-0.007745839811327574,-0.00932176456821725,-0.012333597369977729,-0.01787861478563196,-0.02904966725912975,-0.051978815844572895,-0.10258609777421657,-0.20135854690971275,-0.4204469511805988,-0.876349370180563,-0.000504513617070545
1.9661043345311487e-10,-1.7085993209432366e-07,-4.081604600929237e-08,-2.9529304867217023e-07,-0.007925933018862396,-0.009501259504004095,-0.012530022351178628,-0.01810596895233376,-0.029339423035250726,-0.05237939728515347,-0.10315633167253267,-0.20202135274818964,-0.4209790585730272,-0.87583009477287,-0.0002572273462030686
2.6842334487490155e-10,-2.7371276665334256e-09,-1.1187254007525415e-09,-7.286572032782805e-08,-0.007915472403467587,-0.009494278672234296,-0.012518151292818759,-0.01807525030299321,-0.02926081024836373,-0.05221513879693025,-0.10291153700524476,-0.20166413919106765,-0.42068782052800063,-0.8760943955417052,-0.0003717386411323212
-2.285136484608923e-05,-0.0005691388947926826,-0.0010086406393402254,-0.0061722483463729026,-0.01803471782776561,-0.020080892684086256,-0.02366285879193214,-0.029105472997068157,-0.03943797691241999,-0.05956781902480196,-0.11120713985475894,-0.2023191469060459,-0.42208644087265296,-0.8724951597629713,-0.001452485641937818
2.696489684090961e-10,-3.384477510574941e-07,-9.032033034458263e-08,-2.6729888338551616e-06,-0.007669101250792162,-0.009244408362603549,-0.01224929060187591,-0.017782521953993883,-0.028930125382302618,-0.05181759450616997,-0.10237444891306977,-0.20114893324374686,-0.4202807348178335,-0.8765199302720709,-0.0006163207558907188
-3.6572170030017685e-06,-9.160346442876188e-05,-9.45996431573954e-06,-0.00030490457038309063,-0.007821082052314179,-0.009430943114669505,-0.01243785752413701,-0.017997472329522694,-0.029183915764632997,-0.05215527625761703,-0.1026420085195772,-0.20180768186431136,-0.4209293787699936,-0.875987391307996,-0.0003617909023428339
1.0799272087187577e-10,-1.3029011980856779e-05,-3.6464750766730722e-06,-0.00010666864059233512,-0.008273098709574309,-0.009859754626902393,-0.012922704447242844,-0.01848318205840211,-0.02966156643794026,-0.05258750894709671,-0.10355986736822037,-0.2019888957210776,-0.4209734618753508,-0.8757483946304458,-0.0002733333693994771
-0.0019439421394769239,-0.003213566098026225,-0.003117104114098025,-0.0064743040667231905,-0.035930097563852376,-0.03639601696976759,-0.03975308928934415,-0.042561674046833815,-0.05073820993737984,-0.0705724238987407,-0.1199072365194272,-0.2028583207688797,-0.4201807719599603,-0.8684742844828058,-0.001593339521741843
5.356629137788895e-10,-4.276193873918709e-06,-1.0159076870584601e-07,-3.91773415909353e-06,-0.008013294163016634,-0.009595892617621496,-0.012615115924510334,-0.01817314177011836,-0.02934919076306161,-0.05226615965342391,-0.10294644821775367,-0.20171382349452388,-0.4207282623164037,-0.8760480355064341,-0.0003537402788509933
1.1341099120326393e-09,-7.357860990702317e-07,-1.250589526644723e-07,-4.86554131538118e-07,-0.00770920824145003,-0.009280579166557362,-0.01229840267916112,-0.01785015430689428,-0.02904229945638557,-0.0519983536640729,-0.10268390762845764,-0.2014744373178506,-0.4205413548432017,-0.8762669410014847,-0.00045131342306303025
-1.0692076810099506e-10,-1.415208585015031e-06,-1.5079291066075448e-07,-4.327389731725395e-06,-0.008058553499354035,-0.009640792513882578,-0.012665952011305529,-0.01823159524558397,-0.0294273403050882,-0.05239437947785347,-0.1030989562688042,-0.20187396581395745,-0.4208561905584957,-0.8759186934760144,-0.00029967392279178865
2.0554515291183582e-10,-1.1954304779369588e-06,-2.669766330460647e-07,-8.677450710435287e-06,-0.007932843426283788,-0.0095081851841265,-0.012528460447823459,-0.018093035596662217,-0.029305771078094737,-0.05231634166732328,-0.10302820059884853,-0.20193301649067236,-0.4209134221591288,-0.8759021236475647,-0.00028403055592644464
7.162278474893385e-10,-4.0347775585419373e-07,-4.9133863610316965e-08,-1.7948139577440861e-06,-0.007799400101454914,-0.00938023835027477,-0.01238813503471262,-0.017912486537250392,-0.02903832831482428,-0.0518881236113473,-0.10242526847592698,-0.2010872414962552,-0.42022364094712783,-0.8765404664232689,-0.0006489322288736661
6.698079046726372e-10,-8.859583366085828e-08,-2.3036078443594278e-08,-2.6888091219591523e-08,-0.007946247298083811,-0.009528234417686108,-0.012549867478936957,-0.01809157318150052,-0.029244534545433326,-0.05213468730729135,-0.10278064236588463,-0.2014329006346211,-0.420497396308484,-0.8762580895486464,-0.00046607801166351085
2.2860439149865955e-10,-7.009107439676943e-08,-3.4369060952930245e-08,-1.119622885944029e-06,-0.00774583219416505,-0.009322641951047456,-0.012332187674202695,-0.017869866817142227,-0.029018372988672107,-0.05191771130960703,-0.10250749411925368,-0.20125709200711128,-0.4203644846705994,-0.8764261662767387,-0.0005553984105325681
1.4919493145205417e-10,-2.7518303627905248e-09,4.3478764962590765e-10,-7.413917604128628e-09,-0.007637698981145122,-0.009216962557822872,-0.01221651897637958,-0.01771583225537965,-0.02879537994016706,-0.051575591719647214,-0.10204747169470192,-0.20062645764539624,-0.41985228114259227,-0.8769032114450508,-0.0009769802815726002
3.60598456851654e-10,-1.2127764865215068e-07,-1.0676155723765064e-07,-1.7682542310008857e-06,-0.007779103554809597,-0.00935323989798053,-0.01236883683692324,-0.017924239155254727,-0.029114446645598882,-0.05208451161371399,-0.10275893965998263,-0.20161577738359976,-0.420656661998619,-0.8761589962576222,-0.000392842140996457
4.395273219246854e-10,-9.093017888289127e-08,-2.0351811363650624e-07,-2.436936409804029e-06,-0.008001915622875874,-0.009588776951200369,-0.012614302485869628,-0.01814597972016449,-0.029266496618844142,-0.05210827771524732,-0.10274515978271212,-0.20126199224819635,-0.4203552553407468,-0.8763671905854038,-0.0005477616488565857
3.34352760771673e-10,-1.1841137955421352e-07,-1.2187004805639812e-08,-2.921979052741606e-08,-0.007980858292583515,-0.00955762554747207,-0.012589566472738916,-0.018161782066938473,-0.029383944091817545,-0.05240907381972865,-0.1032061670344407,-0.20203276081049398,-0.4209857596870023,-0.8758119799628289,-0.0002535387388188578
-5.993492747159845e-06,-5.162524327997873e-06,-4.3430202334375465e-06,-8.713877107419827e-05,-0.00823892914926675,-0.009815036955710598,-0.012854779302213022,-0.01834242906587534,-0.029382907877842587,-0.05205390990927408,-0.10270150008423022,-0.2007427268551936,-0.4199511827230941,-0.8766711518699218,-0.0008953494069029511
3.035222864940751e-10,-7.167209940558047e-08,-2.6968821706331647e-08,-1.0605403497185803e-07,-0.00766421436676403,-0.009247813151642382,-0.01224723898601214,-0.017742394110411563,-0.02879851248420293,-0.05154756509657565,-0.10197040983427763,-0.20044592078555626,-0.419702179833324,-0.8770248018678076,-0.0011347665692211244
4.424837098265577e-10,-9.406176294011829e-07,-8.685858043697794e-07,-1.2608805582302802e-06,-0.008227963709715952,-0.009820928292171065,-0.01285637161924657,-0.018404525654789755,-0.029555307650316564,-0.05241878153340127,-0.1030615686980003,-0.20150775746476346,-0.42054288018644703,-0.8761419008094333,-0.0004291330366900556
3.999729850993318e-10,-2.7499060171154994e-08,-1.3889818124052421e-08,-1.7546211131350466e-08,-0.00787104878162586,-0.009447244558227515,-0.012469578803570372,-0.018028351599061045,-0.029217798652214275,-0.05217542110592282,-0.10289033169894267,-0.20167952597816746,-0.4207026559877817,-0.876092582699366,-0.000366733059540257
3.0652120467231967e-10,-1.0192575108970855e-07,-1.5369065618593487e-07,-5.113850895208163e-07,-0.007525938780392095,-0.009096656583315649,-0.0120944391305747,-0.01761387533128789,-0.028739935337642245,-0.051606195216253536,-0.1021350119354986,-0.20090435934096185,-0.42008557544181824,-0.876724159792549,-0.0007713911604518701
3.637355206291602e-10,-4.027732678154843e-09,1.2712979479446332e-10,-1.0902806496972173e-08,-0.00796066841519922,-0.009539721174147652,-0.012566794638859144,-0.01812805780091,-0.0293218113779734,-0.05228527892101417,-0.10301370242139256,-0.2017776247231789,-0.4207785876926876,-0.8760037762814068,-0.00033095945607399544
4.790155798063193e-10,-1.1011137525154137e-07,-1.2482181256954724e-08,-1.9469742773011405e-07,-0.007659259827820996,-0.009241600272731076,-0.012241903404531358,-0.01773424925471585,-0.028797268315468243,-0.051534894777875706,-0.10198490552851554,-0.2004964973582756,-0.4197447577158797,-0.8769922777995817,-0.0010889494813583077
-8.833761623751708e-06,-5.5415934449634085e-06,-6.808549334203399e-06,-1.6286023332681435e-05,-0.008938712028320356,-0.010555938060468643,-0.013629659056245616,-0.019150124247671724,-0.030278650296814237,-0.05308987720226952,-0.1038790660368462,-0.2020065275111345,-0.42091860373616863,-0.8756418093166144,-0.00025141206543186057
2.5974251539471726e-10,-2.018048626596297e-07,-1.0359553935779411e-07,-1.3143171980010403e-07,-0.007810970640469178,-0.009385691990596228,-0.012407309937803248,-0.017963315618992285,-0.029160774963725038,-0.05215888674982129,-0.10289471417250123,-0.2017451038872027,-0.4207590748722474,-0.8760561984487013,-0.00034415050395872923
-8.632174803377012e-06,-3.7390419318394486e-05,-1.2695758975174092e-06,-3.809433650328983e-05,-0.00827065013736003,-0.009883922114650529,-0.012899764545066724,-0.018398387786211785,-0.02947222701026625,-0.05213179211215956,-0.10261571141227656,-0.2013175175203148,-0.4204156651423804,-0.8763172017555598,-0.0005209420584240781
3.311083330892316e-10,-1.0108904768232948e-08,-2.0689775095417588e-09,-6.881777253152541e-08,-0.008016102501331153,-0.00959577628072852,-0.012626942923911769,-0.018193612213928626,-0.029394111390616814,-0.05236087877281527,-0.10311946239241174,-0.20186166651770202,-0.4208442799006495,-0.8759301649523369,-0.000302881768519268
3.084739736396856e-10,-4.531137900536299e-07,-5.518442993731438e-08,-2.4002352390528747e-06,-0.007772262189013075,-0.009351240592429056,-0.012359155650831276,-0.017894671144132183,-0.029030636376572137,-0.051907768706418465,-0.10246611316416047,-0.20118036622050134,-0.4203014401044599,-0.8764775668918113,-0.0005964335375620213
6.488127418306196e-10,-1.6141030174300685e-06,-6.374828889640214e-07,-1.7154858798929363e-05,-0.008102399441039566,-0.009688841457250243,-0.012731041853762129,-0.018285632198440985,-0.02945877895851875,-0.05235437965875549,-0.10313017969413277,-0.20164640936863806,-0.42066933928442657,-0.8760553209667892,-0.00037794762115391916
4.80116783266136e-10,-1.3546726314265606e-06,-2.8345117897896574e-07,-3.7425025422860633e-07,-0.007802041255343755,-0.009394980190806668,-0.01239776375481266,-0.0178840092099846,-0.02892212929003515,-0.051592823751124714,-0.1020008229098753,-0.20038131209515705,-0.4196434470030231,-0.8770493395295973,-0.0011929547748636053
4.2899390549673634e-10,-8.839441482809539e-08,-5.336247972238693e-08,-9.241746002596494e-07,-0.007887328511414875,-0.009470378724685277,-0.012488344902216087,-0.01801530832079892,-0.029138754233822364,-0.051973396583340624,-0.10258339473789856,-0.20115837278770035,-0.4202758019241838,-0.8764670058881459,-0.0006052938298951961
-4.00409232507795e-06,-3.919390522745128e-05,-1.4883963824729781e-06,-1.016241099347034e-05,-0.007420393742891786,-0.00896559237543922,-0.01200001954461472,-0.01761674821594868,-0.028899622237628313,-0.05201810070376715,-0.10279745203763303,-0.20165899037179966,-0.420701241308294,-0.8761526106716871,-0.00038026946192458775
6.106154878723142e-10,-1.42380945044933e-07,-1.3460962654262527e-08,-1.5416928775162568e-08,-0.008070645764423288,-0.009652136226055158,-0.012685460772868223,-0.01825657772741879,-0.029463746399766007,-0.05243715833068696,-0.1032037074475625,-0.20194754384077104,-0.4209119719478065,-0.8758577703436142,-0.0002764311638701273
4.002788899676077e-10,-4.979051269265915e-07,-4.012779020164174e-08,-1.978708509926316e-06,-0.007692692719339074,-0.009270120718199841,-0.012271959965471084,-0.01779048877602391,-0.028908360506354838,-0.05174958697782851,-0.10226340199895982,-0.20095833331643226,-0.4201236570590449,-0.8766554129128051,-0.0007318507528446343
5.346918972798363e-10,-3.5272283478212387e-07,-4.1632143325218e-08,-4.55098966011864e-08,-0.007915521135968414,-0.009490395262869216,-0.012518271024191386,-0.018086110299847902,-0.02930177377918494,-0.052318123538459306,-0.10308964329920407,-0.201922376749648,-0.4208986153534833,-0.8759051038340177,-0.0002855309317185811
2.700440792023591e-10,-1.0191127175523875e-08,-2.9435812347663208e-09,-1.642791661821826e-07,-0.007956335585740342,-0.009535690753818772,-0.01256323508984392,-0.018121997539757986,-0.029310998777302862,-0.05226562497875528,-0.10299680622340823,-0.20172641268493807,-0.4207364644062411,-0.8760395653069128,-0.00034855125024043596
1.03468747649337e-09,-1.1479568529021615e-05,-1.1745828893873736e-05,-2.2239648745171588e-05,-0.006844826229915048,-0.008380251442653839,-0.011357374914612514,-0.01692221307545948,-0.028185502719320507,-0.051315867604016886,-0.10199164289607536,-0.2015128447928529,-0.4206170043017381,-0.8764183087098005,-0.00045985701533348485
2.957334943208834e-10,-1.6152093917937865e-07,-1.6515272527394854e-07,-1.4953225555933746e-06,-0.007815112744724887,-0.009388718314965596,-0.0124087287423218,-0.017978503572543922,-0.029193859678621356,-0.052205525249615005,-0.10294369518515714,-0.2018597152650466,-0.42085410249665,-0.8759741858629947,-0.0003065268519595381
3.3879450080649186e-10,-2.972868356013237e-06,-1.6170146156811038e-07,-6.617871918770696e-06,-0.007893465789054999,-0.009472229118999968,-0.01250225428304376,-0.018051571761575447,-0.029234218597727683,-0.052188444727101935,-0.10292947090246543,-0.2015897253528519,-0.4206289975374721,-0.8761411973351603,-0.00040116601134737156
2.402753549146409e-10,-1.9920391688079648e-07,-1.7872036323892838e-07,-1.5374980775380468e-06,-0.008199956940812481,-0.009785136976551251,-0.012824982258286646,-0.01839212120685645,-0.02959154265098876,-0.0525381633821383,-0.10333574060795456,-0.20198023973252732,-0.4209327651422812,-0.8758067566730037,-0.00026593371303537666
4.5261637757936863e-10,-7.22319927924101e-08,-1.0819776823897842e-08,-5.107899673156507e-07,-0.007948494771072326,-0.00952799108901741,-0.012551826064208616,-0.01811291330201869,-0.02930303960456006,-0.05226562630373709,-0.10296883866230756,-0.2017368042555518,-0.42074634076733575,-0.8760364882502771,-0.00034530447088982285
6.555658108638019e-10,-8.237220937884561e-07,-3.090782080640762e-07,-1.0066490392586514e-05,-0.0074569902974681735,-0.00903006977167181,-0.012014143682076709,-0.017517221856536497,-0.02861463377798121,-0.051429173980819684,-0.10181982161339233,-0.20056100247470046,-0.41981404946003203,-0.8769875095722027,-0.0010441630051698366
3.121130061201373e-10,-4.6550480051607e-07,-1.6004696785987462e-07,-5.091320503942081e-06,-0.007843899910412342,-0.00941977968199402,-0.012435048407974077,-0.017993256990868838,-0.029183176820715445,-0.05215437296177261,-0.10281584928606644,-0.2016654427210378,-0.4206964581479389,-0.8761117093216737,-0.00037371367662131206
4.978426402623714e-10,-7.712339585550245e-07,-1.3638906117697078e-08,-9.823844839666703e-08,-0.008150961619802782,-0.0097315471774321,-0.012769648520640052,-0.018354276245516398,-0.02958998646377455,-0.05260364966893289,-0.10343533962562952,-0.2022401475131736,-0.4211478343836178,-0.8756304905545521,-0.00020135219055184968
4.5365416941912006e-10,-1.6279213489630326e-05,-0.00030282118077232305,-0.00022782277162762104,-0.0047810323143113774,-0.006193571670254498,-0.008912838677429522,-0.014367187753052256,-0.025535711257938253,-0.04867941733985714,-0.0966564548963844,-0.20205926180309036,-0.4211559108913743,-0.8769756195878224,-0.00042801847850992776
4.03266722505972e-10,-3.92214470954152e-07,-3.353356605194103e-07,-4.013028725851738e-06,-0.00766003340437924,-0.00922935562537658,-0.012235566181817157,-0.017783316362869294,-0.028969868758275712,-0.0519273676367466,-0.10256520109891598,-0.20147876227271413,-0.42055213044686296,-0.8762845206898701,-0.00045225197835405714
3.6987641289380095e-10,-2.8201319255378284e-07,-4.3519628976965973e-07,-3.92938098484219e-06,-0.007633302192843805,-0.009201759823817462,-0.012211033965845185,-0.017771626960363548,-0.028978478146816814,-0.051967297273013344,-0.10263197071716283,-0.2015814929076955,-0.4206363122663454,-0.8762111815943273,-0.00040922143639205447
3.832625725082718e-10,-4.155170353845981e-08,-5.27764400389409e-08,-1.5883248384206598e-07,-0.007788500142484812,-0.009373326094482637,-0.012383113356383237,-0.01789600363484107,-0.028992937337533557,-0.051783813465072735,-0.1022898610035398,-0.2008047172199086,-0.4199899559587723,-0.8767407560950063,-0.0008335535362620838
3.814714224891217e-10,-7.412918551501873e-07,-2.850695158548112e-07,-5.247514377122268e-06,-0.007634063567925155,-0.009205763619153269,-0.012206988339355887,-0.017742064302489962,-0.028890257593183317,-0.05179849130666397,-0.102372979880593,-0.20123839789505632,-0.4203582683583901,-0.8764670183843731,-0.0005694656333803565
5.473099515776637e-10,-1.3181744919938443e-06,-1.1312689670685573e-07,-4.62837036743657e-06,-0.007820582996915786,-0.009395601246473664,-0.012406106567122677,-0.017950787418935136,-0.02911157984255737,-0.05202414470258149,-0.10263405668654316,-0.20142590523094867,-0.4205021247288544,-0.8762931208359441,-0.0004731482760507582
7.246037565468768e-10,-4.3876543798327874e-09,-1.0812541817518794e-09,-7.660148432243479e-08,-0.00791857958149487,-0.009497288080886769,-0.012519788331624341,-0.01807625447826302,-0.02925738692922282,-0.05220623442014796,-0.10290081266788632,-0.20165362078042787,-0.4206793693837151,-0.8761026486368398,-0.00037570873797423726
2.0301199020515786e-10,-2.1181893763392354e-07,-1.3183389823989804e-07,-3.343993906393872e-06,-0.007977300152797758,-0.009560563186409046,-0.01258886047659187,-0.01813278162259731,-0.029284790034944733,-0.05217169367555904,-0.1028602690915005,-0.20144284584745187,-0.4205043597061512,-0.8762375210838353,-0.00046141439561756377
-1.3216874916924847e-05,-6.724234544888915e-06,-4.219185685282651e-06,-9.753829706009853e-05,-0.008721651120453517,-0.010313112877705562,-0.013348854470818256,-0.018799493524031832,-0.02988593161444435,-0.05261333329725039,-0.10349250521029983,-0.20174342110508114,-0.42075800404314656,-0.8758844834428788,-0.00034813044969596096
2.0683183325890297e-10,-3.1778677982675108e-09,-8.10798309063532e-10,-7.778150530830467e-10,-0.007886234642363956,-0.00946646436174784,-0.012487430220459669,-0.01803825337904276,-0.029206173325341887,-0.052124618040462686,-0.10278376721684808,-0.20147512469272,-0.420534012921613,-0.8762355662712801,-0.0004480936104164776
